Project_ID,Location,Start_Date,End_Date,Planned_Cost,Actual_Cost,Status,Team_Size,Daily_Progress (%),Materials_Issues,Weather_Delay
PJT1000,Aurangabad,10-01-2025,22-02-2025,1161000,1175336.69,Completed,9,4.51,No,No
PJT1001,Mumbai,02-01-2025,12-04-2025,4025000,3444750.19,Completed,9,3.47,Yes,No
PJT1002,Aurangabad,08-01-2025,26-02-2025,2882000,3339737.34,Completed,13,3.39,Yes,Yes
PJT1003,Mumbai,13-12-2024,15-02-2025,3606000,3586737.46,Completed,10,1.62,Yes,Yes
PJT1004,Nashik,10-12-2024,14-02-2025,4664000,4809249.79,Completed,8,1.72,No,Yes
PJT1005,Nashik,24-12-2024,10-04-2025,1726000,1683037.12,Completed,5,3.77,No,Yes
PJT1006,Pune,18-01-2025,15-03-2025,3341000,3450183,Completed,9,3.5,No,No
PJT1007,Aurangabad,11-12-2024,22-02-2025,3539000,3011050.95,Completed,5,4.61,No,No
PJT1008,Nashik,04-01-2025,01-03-2025,2967000,3977802.39,Completed,16,3.88,Yes,Yes
PJT1009,Nashik,19-01-2025,16-05-2025,1365000,1833365,Delayed,12,1.17,No,Yes
PJT1010,Pune,29-01-2025,20-05-2025,2392000,3317473.98,Delayed,15,2.46,Yes,Yes
PJT1011,Pune,03-01-2025,07-03-2025,2333000,2667030.21,Completed,5,3.88,No,No
PJT1012,Aurangabad,28-01-2025,02-05-2025,3681000,3319340.84,In Progress,10,4.88,No,Yes
PJT1013,Mumbai,01-12-2024,03-03-2025,4431000,4557014.16,Completed,13,3.44,No,No
PJT1014,Aurangabad,08-01-2025,11-03-2025,2319000,2048382.06,Completed,6,4.01,No,No
PJT1015,Mumbai,21-12-2024,26-01-2025,3775000,3702062.32,Completed,9,4.14,Yes,Yes
PJT1016,Pune,01-01-2025,11-02-2025,2153000,2359417.51,Completed,18,1.94,No,Yes
PJT1017,Nagpur,02-12-2024,23-03-2025,4781000,4006288.15,Completed,8,1.96,Yes,No
PJT1018,Aurangabad,08-12-2024,02-03-2025,4254000,4512667.71,Completed,7,4.86,No,No
PJT1019,Nagpur,29-01-2025,04-04-2025,3200000,3368516.49,Completed,20,4.14,Yes,No
PJT1020,Mumbai,24-12-2024,28-01-2025,2819000,3074228.84,Completed,19,4.62,No,No
PJT1021,Aurangabad,26-01-2025,25-02-2025,2258000,1910613.06,Completed,16,1.78,Yes,No
PJT1022,Nagpur,23-01-2025,05-04-2025,2293000,2180688.5,Completed,8,3.71,No,No
PJT1023,Nagpur,21-01-2025,08-03-2025,4881000,4626963.67,Completed,19,3.28,No,Yes
PJT1024,Aurangabad,20-12-2024,10-04-2025,2617000,3075027.9,Completed,12,2.76,Yes,Yes
PJT1025,Nagpur,16-12-2024,17-02-2025,3058000,3535915.98,Completed,6,4.08,Yes,No
PJT1026,Aurangabad,04-12-2024,23-01-2025,4952000,4542612.89,Completed,14,4.11,Yes,Yes
PJT1027,Nagpur,16-12-2024,12-03-2025,3631000,3137850,Completed,19,3.01,Yes,Yes
PJT1028,Pune,26-01-2025,06-05-2025,3170000,3115459.51,In Progress,5,2.67,No,No
PJT1029,Aurangabad,06-01-2025,06-05-2025,2653000,3632737.19,Delayed,6,1.65,No,Yes
PJT1030,Pune,30-01-2025,24-04-2025,1750000,1748828.08,Completed,20,1.8,No,Yes
PJT1031,Nashik,06-12-2024,17-03-2025,2447000,2868166.17,Completed,17,3.42,Yes,Yes
PJT1032,Pune,06-12-2024,06-01-2025,4026000,5163127.1,Completed,18,4.49,Yes,Yes
PJT1033,Nagpur,16-01-2025,01-03-2025,3502000,3494033.05,Completed,8,1.21,No,No
PJT1034,Mumbai,01-01-2025,09-02-2025,4040000,4043400.61,Completed,20,2.92,No,No
PJT1035,Pune,22-01-2025,20-05-2025,1814000,2338763.5,Delayed,19,2.48,Yes,No
PJT1036,Pune,05-12-2024,23-01-2025,3197000,4206309.14,Completed,7,4.74,Yes,No
PJT1037,Pune,18-01-2025,27-04-2025,4711000,6522545.45,Completed,7,3.85,No,Yes
PJT1038,Mumbai,04-01-2025,07-02-2025,2752000,2426368.73,Completed,15,3.06,No,Yes
PJT1039,Mumbai,19-01-2025,06-04-2025,3793000,3764169.76,Completed,9,1.5,No,No
PJT1040,Pune,09-12-2024,23-03-2025,1486000,2033393.89,Completed,7,1.34,No,No
PJT1041,Nashik,09-12-2024,19-03-2025,4893000,4504059.8,Completed,9,1.64,No,Yes
PJT1042,Mumbai,12-01-2025,01-03-2025,3435000,3395531.74,Completed,13,2.8,Yes,No
PJT1043,Mumbai,31-12-2024,26-03-2025,1957000,2698203.52,Completed,15,3.05,Yes,Yes
PJT1044,Mumbai,30-01-2025,17-03-2025,1634000,2256938.21,Completed,17,4.32,No,Yes
PJT1045,Aurangabad,05-01-2025,09-02-2025,3203000,3122505.06,Completed,14,1.37,No,Yes
PJT1046,Pune,11-12-2024,18-02-2025,3209000,3905271.69,Completed,19,4.64,Yes,No
PJT1047,Nashik,17-12-2024,03-03-2025,1373000,1502891.82,Completed,18,4.27,Yes,Yes
PJT1048,Mumbai,03-01-2025,07-02-2025,4969000,5692126.49,Completed,8,4.54,No,Yes
PJT1049,Aurangabad,25-01-2025,10-04-2025,4652000,4398254.7,Completed,8,4.72,Yes,Yes
PJT1050,Nagpur,08-01-2025,05-03-2025,2846000,2918952.03,Completed,11,2.66,Yes,Yes
PJT1051,Nagpur,28-12-2024,24-04-2025,1470000,1896148.16,Completed,18,2.59,No,Yes
PJT1052,Mumbai,14-12-2024,13-02-2025,4329000,4483809.71,Completed,19,2.5,No,Yes
PJT1053,Nashik,29-01-2025,24-05-2025,2994000,2599788.09,In Progress,12,2.54,No,No
PJT1054,Nashik,04-01-2025,16-02-2025,3866000,4400707.64,Completed,18,1.33,No,Yes
PJT1055,Pune,18-01-2025,03-04-2025,3035000,3506445.43,Completed,15,1.9,Yes,Yes
PJT1056,Mumbai,16-01-2025,27-04-2025,2094000,2360728.38,Completed,19,2.27,Yes,Yes
PJT1057,Nagpur,14-01-2025,06-04-2025,4339000,5245970.67,Completed,17,1.4,No,No
PJT1058,Pune,13-12-2024,01-04-2025,4921000,5561022.77,Completed,18,3.86,Yes,No
PJT1059,Nashik,15-01-2025,05-03-2025,1975000,2709310.46,Completed,8,2.34,No,Yes
PJT1060,Pune,20-12-2024,18-02-2025,3205000,3451699.53,Completed,15,1.58,No,Yes
PJT1061,Nagpur,26-12-2024,14-02-2025,2534000,3104201.26,Completed,18,1.15,No,Yes
PJT1062,Nashik,12-01-2025,05-03-2025,4687000,4982623.02,Completed,15,4.67,No,Yes
PJT1063,Aurangabad,11-01-2025,03-04-2025,3033000,2956564.53,Completed,13,2.89,Yes,No
PJT1064,Aurangabad,24-12-2024,26-01-2025,4517000,5491322.17,Completed,16,4.32,No,Yes
PJT1065,Mumbai,29-12-2024,19-02-2025,4456000,5754386.34,Completed,9,4.04,Yes,No
PJT1066,Pune,27-01-2025,09-04-2025,2105000,2688914.58,Completed,20,2.88,Yes,No
PJT1067,Nashik,03-01-2025,26-03-2025,4160000,4349217.41,Completed,7,3.46,No,Yes
PJT1068,Mumbai,29-12-2024,23-04-2025,2660000,2924887.93,Completed,7,4.62,No,No
PJT1069,Pune,08-12-2024,07-02-2025,4737000,5589667.69,Completed,7,1.08,Yes,Yes
PJT1070,Nagpur,16-12-2024,18-02-2025,3031000,2864939.7,Completed,7,1.86,No,Yes
PJT1071,Nashik,15-12-2024,03-02-2025,4282000,5117836.9,Completed,18,1.6,No,No
PJT1072,Pune,05-12-2024,03-04-2025,2131000,2619301.25,Completed,8,4.76,No,No
PJT1073,Nashik,22-12-2024,03-02-2025,2194000,2793940.65,Completed,16,3.44,Yes,No
PJT1074,Pune,02-12-2024,18-02-2025,3348000,2826981.16,Completed,9,2.69,Yes,Yes
PJT1075,Nagpur,07-01-2025,10-02-2025,4996000,6966524.16,Completed,6,4.1,Yes,Yes
PJT1076,Nashik,05-01-2025,05-04-2025,2959000,3218033.29,Completed,15,1.95,No,No
PJT1077,Aurangabad,15-12-2024,11-02-2025,1594000,1658530,Completed,8,1.49,No,No
PJT1078,Nagpur,07-01-2025,03-03-2025,3154000,3481913.77,Completed,18,1.95,No,Yes
PJT1079,Pune,15-12-2024,13-03-2025,2380000,3218320.04,Completed,16,3.56,No,No
PJT1080,Nashik,01-12-2024,13-02-2025,3208000,3897801.23,Completed,18,3.49,Yes,No
PJT1081,Nagpur,05-12-2024,12-02-2025,3174000,3574517.93,Completed,6,1.25,Yes,No
PJT1082,Pune,15-01-2025,15-03-2025,2821000,3595174.22,Completed,14,4.35,No,No
PJT1083,Aurangabad,10-01-2025,09-03-2025,2287000,2322946.37,Completed,14,3,Yes,No
PJT1084,Aurangabad,04-12-2024,06-01-2025,1755000,2346963.1,Completed,16,3.14,Yes,Yes
PJT1085,Pune,15-12-2024,08-04-2025,3790000,4252924.21,Completed,8,3.53,Yes,No
PJT1086,Aurangabad,05-12-2024,28-01-2025,3287000,3888219.32,Completed,11,3.3,Yes,No
PJT1087,Nagpur,27-01-2025,18-04-2025,1934000,1645813.04,Completed,9,3.87,No,Yes
PJT1088,Aurangabad,03-12-2024,13-02-2025,4102000,5174149.7,Completed,20,2.17,No,No
PJT1089,Mumbai,25-01-2025,31-03-2025,1175000,1403609.16,Completed,12,1.01,No,Yes
PJT1090,Aurangabad,22-12-2024,29-01-2025,3979000,4030748.06,Completed,8,2.41,Yes,Yes
PJT1091,Mumbai,05-12-2024,08-02-2025,3821000,4540111.85,Completed,16,3.28,Yes,No
PJT1092,Nashik,02-01-2025,17-03-2025,4246000,3509650.26,Completed,16,1.75,No,Yes
PJT1093,Nagpur,16-12-2024,07-04-2025,2544000,3536579.57,Completed,8,3.67,No,No
PJT1094,Nashik,18-12-2024,23-03-2025,3655000,4409695.87,Completed,13,3.09,Yes,Yes
PJT1095,Nashik,12-01-2025,03-04-2025,4283000,4453337.68,Completed,12,2.44,No,No
PJT1096,Aurangabad,01-01-2025,27-04-2025,4923000,6161674.39,Completed,18,4.81,No,No
PJT1097,Aurangabad,14-12-2024,22-03-2025,2981000,4112081.03,Completed,5,3.18,No,Yes
PJT1098,Aurangabad,04-01-2025,17-03-2025,1148000,1214897.78,Completed,13,4.15,No,No
PJT1099,Nashik,09-12-2024,11-01-2025,3009000,2426242.95,Completed,5,3.03,No,Yes
PJT1100,Nagpur,16-01-2025,01-03-2025,3361000,3210571.8,Completed,10,1.08,No,No
PJT1101,Nagpur,29-01-2025,02-04-2025,4479000,4955591.33,Completed,13,4.49,Yes,Yes
PJT1102,Mumbai,26-01-2025,19-03-2025,4497000,4997420.13,Completed,14,1.17,No,No
PJT1103,Pune,06-01-2025,20-04-2025,2761000,3170486.61,Completed,15,2.55,No,Yes
PJT1104,Nagpur,06-01-2025,10-03-2025,3104000,3554518.41,Completed,16,2.49,Yes,No
PJT1105,Aurangabad,31-12-2024,03-02-2025,2828000,3018797.05,Completed,5,3.99,No,No
PJT1106,Mumbai,16-12-2024,28-01-2025,3890000,4024907.15,Completed,10,2.43,No,Yes
PJT1107,Aurangabad,20-01-2025,06-05-2025,2640000,3335390.1,Delayed,9,1.27,Yes,Yes
PJT1108,Nashik,31-12-2024,26-03-2025,3619000,4173264.23,Completed,17,1.96,No,Yes
PJT1109,Nashik,21-01-2025,05-04-2025,1617000,1779151.9,Completed,7,3.63,No,No
PJT1110,Aurangabad,27-12-2024,07-03-2025,2878000,2898089.68,Completed,9,1.41,Yes,No
PJT1111,Nagpur,13-12-2024,08-03-2025,4877000,3973475.24,Completed,5,3.33,Yes,Yes
PJT1112,Pune,07-12-2024,24-03-2025,2354000,2030865.51,Completed,7,4.03,No,Yes
PJT1113,Aurangabad,07-12-2024,12-03-2025,3771000,3957986,Completed,11,1.53,Yes,Yes
PJT1114,Nagpur,12-01-2025,25-02-2025,3599000,4955955.15,Completed,17,2.41,No,Yes
PJT1115,Mumbai,28-12-2024,17-03-2025,4407000,3832510.54,Completed,18,2.35,Yes,No
PJT1116,Aurangabad,23-12-2024,05-04-2025,4409000,6015664.71,Completed,19,3.57,Yes,Yes
PJT1117,Mumbai,28-12-2024,20-02-2025,4437000,3926767.66,Completed,15,4.32,Yes,No
PJT1118,Nagpur,27-12-2024,27-02-2025,2520000,2487578.2,Completed,10,3.74,Yes,No
PJT1119,Nagpur,30-12-2024,03-02-2025,2267000,2432943.45,Completed,16,4.92,Yes,Yes
PJT1120,Nagpur,25-01-2025,25-05-2025,3875000,3580966.53,In Progress,14,2.91,Yes,Yes
PJT1121,Nagpur,16-01-2025,11-04-2025,4038000,4400433.11,Completed,15,1.73,No,Yes
PJT1122,Nashik,04-12-2024,03-01-2025,4490000,4874781.86,Completed,7,1.54,No,Yes
PJT1123,Nagpur,13-01-2025,19-04-2025,1144000,1215957.1,Completed,6,3.86,No,No
PJT1124,Nashik,11-01-2025,19-04-2025,1274000,1551805.84,Completed,9,4.77,Yes,Yes
PJT1125,Pune,11-01-2025,08-05-2025,3525000,3494493.54,In Progress,10,1.15,No,Yes
PJT1126,Nashik,07-12-2024,01-04-2025,4684000,4591062.18,Completed,6,1.81,Yes,No
PJT1127,Mumbai,04-12-2024,28-01-2025,4990000,6417696.7,Completed,7,4.16,No,Yes
PJT1128,Pune,26-12-2024,12-03-2025,3987000,3464906.97,Completed,13,4.54,No,No
PJT1129,Mumbai,16-01-2025,11-04-2025,2736000,3582813.9,Completed,19,2.26,Yes,No
PJT1130,Aurangabad,22-12-2024,29-01-2025,1394000,1657162.04,Completed,18,2.24,Yes,No
PJT1131,Aurangabad,21-01-2025,16-05-2025,3535000,4264212.53,Delayed,20,2.59,Yes,No
PJT1132,Nashik,25-01-2025,07-04-2025,4490000,4034769.93,Completed,19,4.26,No,No
PJT1133,Mumbai,07-12-2024,26-03-2025,2775000,3858194.28,Completed,18,2.89,No,No
PJT1134,Aurangabad,16-12-2024,24-02-2025,3776000,3573409.17,Completed,13,1.15,No,No
PJT1135,Aurangabad,13-12-2024,06-04-2025,4614000,4174156.33,Completed,11,3.59,No,No
PJT1136,Aurangabad,13-12-2024,27-01-2025,1184000,1060960.41,Completed,8,2.14,Yes,No
PJT1137,Pune,04-01-2025,13-03-2025,4185000,4753780.72,Completed,16,4.45,No,No
PJT1138,Pune,29-12-2024,02-04-2025,2173000,2988043.57,Completed,18,1.19,No,Yes
PJT1139,Nagpur,09-12-2024,16-02-2025,2499000,2346844.21,Completed,8,3.62,No,No
PJT1140,Mumbai,28-12-2024,22-04-2025,1582000,1650071.03,Completed,14,2.09,No,No
PJT1141,Aurangabad,12-12-2024,04-03-2025,3125000,2845847.08,Completed,20,4.2,No,Yes
PJT1142,Mumbai,18-12-2024,27-02-2025,3264000,3865513.83,Completed,14,2.75,Yes,No
PJT1143,Nagpur,30-12-2024,21-03-2025,4170000,4417200.4,Completed,6,2.6,Yes,No
PJT1144,Nashik,16-12-2024,14-04-2025,1680000,1373425.81,Completed,12,2.76,No,No
PJT1145,Nagpur,25-01-2025,02-04-2025,1316000,1537698.84,Completed,17,4.83,No,Yes
PJT1146,Aurangabad,29-01-2025,09-05-2025,4483000,4117163.27,In Progress,6,2.36,Yes,Yes
PJT1147,Nashik,05-12-2024,20-01-2025,3479000,4019364.87,Completed,5,1.75,No,Yes
PJT1148,Nashik,29-12-2024,21-02-2025,1963000,2028370.78,Completed,11,3.77,No,Yes
PJT1149,Nagpur,21-01-2025,14-04-2025,4651000,5687435.21,Completed,14,2.47,Yes,No
PJT1150,Aurangabad,25-01-2025,20-05-2025,1572000,1451695.92,In Progress,11,4.19,No,No
PJT1151,Nashik,24-01-2025,12-04-2025,2845000,3560219.62,Completed,9,2.07,No,No
PJT1152,Nagpur,05-01-2025,01-05-2025,2016000,2591039.55,Delayed,13,1.33,No,Yes
PJT1153,Nagpur,07-12-2024,28-01-2025,2021000,1692664.81,Completed,14,2.7,No,Yes
PJT1154,Aurangabad,04-12-2024,22-03-2025,1038000,893771.18,Completed,15,2.72,No,No
PJT1155,Nagpur,11-01-2025,23-04-2025,4219000,5582528.48,Completed,8,4.98,No,Yes
PJT1156,Nagpur,04-01-2025,13-03-2025,4605000,4200570.03,Completed,5,1.72,Yes,No
PJT1157,Nagpur,23-01-2025,14-04-2025,3710000,3693642.41,Completed,20,2.18,No,Yes
PJT1158,Mumbai,01-12-2024,11-03-2025,1632000,1753633.37,Completed,18,1.41,No,No
PJT1159,Pune,06-12-2024,05-01-2025,2767000,2649159.11,Completed,10,2.31,No,No
PJT1160,Mumbai,29-01-2025,07-04-2025,2382000,3138480.15,Completed,9,2.18,Yes,No
PJT1161,Nagpur,18-01-2025,25-03-2025,3350000,3740707.19,Completed,17,2.78,No,No
PJT1162,Pune,24-01-2025,21-03-2025,3556000,4208402.08,Completed,12,3.87,Yes,No
PJT1163,Nashik,16-12-2024,11-03-2025,2697000,3123618.2,Completed,16,1.67,No,No
PJT1164,Mumbai,11-12-2024,25-03-2025,2000000,2333570.11,Completed,7,2.78,Yes,Yes
PJT1165,Mumbai,27-12-2024,13-04-2025,4381000,5047800.59,Completed,17,2.79,No,No
PJT1166,Mumbai,01-01-2025,24-04-2025,1797000,1812732.34,Completed,6,3.91,No,Yes
PJT1167,Aurangabad,31-12-2024,12-03-2025,2539000,3319261.82,Completed,18,4.65,No,Yes
PJT1168,Nagpur,14-12-2024,13-03-2025,2933000,3432834.84,Completed,5,3.46,No,No
PJT1169,Nashik,25-01-2025,21-04-2025,1949000,2510785.51,Completed,19,2.74,Yes,Yes
PJT1170,Nashik,26-12-2024,22-03-2025,3288000,4023173.84,Completed,7,3.56,Yes,Yes
PJT1171,Nashik,27-01-2025,23-05-2025,3299000,3227962.31,In Progress,15,4.17,No,Yes
PJT1172,Nagpur,04-12-2024,30-01-2025,4971000,5809561.52,Completed,18,1.23,No,Yes
PJT1173,Pune,11-12-2024,16-03-2025,2181000,1855706.43,Completed,17,3.68,Yes,Yes
PJT1174,Mumbai,25-12-2024,25-03-2025,4912000,4324370.87,Completed,18,2.62,Yes,Yes
PJT1175,Nagpur,01-12-2024,21-01-2025,3633000,3163314.83,Completed,14,3.05,Yes,No
PJT1176,Mumbai,25-12-2024,18-04-2025,2098000,2062812.35,Completed,8,4,Yes,Yes
PJT1177,Nagpur,17-12-2024,26-01-2025,3264000,2969674.38,Completed,17,1.64,Yes,Yes
PJT1178,Mumbai,29-01-2025,05-04-2025,3743000,4551719.79,Completed,5,1.12,Yes,Yes
PJT1179,Nagpur,20-01-2025,25-04-2025,3979000,4402743.29,Completed,15,4.39,Yes,Yes
PJT1180,Pune,20-01-2025,14-05-2025,1196000,1256928.38,In Progress,10,3.71,Yes,Yes
PJT1181,Nashik,30-12-2024,20-04-2025,3426000,3024200.02,Completed,19,2.75,Yes,Yes
PJT1182,Mumbai,19-12-2024,07-04-2025,2987000,3077285,Completed,16,1.5,No,No
PJT1183,Nagpur,28-12-2024,10-03-2025,4617000,4208174.9,Completed,7,1.94,No,No
PJT1184,Pune,14-01-2025,24-02-2025,2145000,2533890.61,Completed,18,3.58,No,Yes
PJT1185,Pune,16-01-2025,17-03-2025,4195000,5101370.68,Completed,8,2.45,Yes,No
PJT1186,Nashik,20-01-2025,16-05-2025,3428000,4069570.96,In Progress,12,4.8,Yes,No
PJT1187,Nagpur,05-01-2025,15-03-2025,2409000,3372454.81,Completed,18,1.13,Yes,Yes
PJT1188,Mumbai,12-01-2025,11-03-2025,3546000,4017432,Completed,17,1.61,Yes,Yes
PJT1189,Aurangabad,15-01-2025,11-03-2025,3484000,3810747.69,Completed,7,2.8,No,No
PJT1190,Pune,01-01-2025,18-02-2025,3711000,3281184.27,Completed,17,2.48,No,Yes
PJT1191,Pune,10-12-2024,12-01-2025,3884000,3840297.27,Completed,14,2.78,No,Yes
PJT1192,Nashik,13-12-2024,17-01-2025,3637000,3893774.32,Completed,15,1.31,Yes,No
PJT1193,Nagpur,19-12-2024,18-02-2025,4353000,3622421.9,Completed,12,1.55,No,No
PJT1194,Aurangabad,14-12-2024,14-03-2025,3513000,3567182.77,Completed,15,2.47,No,Yes
PJT1195,Aurangabad,04-12-2024,22-03-2025,4614000,3717730.79,Completed,10,2.26,No,No
PJT1196,Aurangabad,07-01-2025,15-02-2025,3585000,3161686.17,Completed,7,2.11,Yes,Yes
PJT1197,Nagpur,17-01-2025,15-04-2025,2236000,2882493.71,Completed,8,4.84,Yes,Yes
PJT1198,Mumbai,04-01-2025,28-03-2025,2763000,3808235.86,Completed,11,1.1,Yes,Yes
PJT1199,Pune,04-12-2024,24-03-2025,3318000,3660626.01,Completed,16,1.74,Yes,Yes
PJT1200,Nagpur,17-01-2025,30-04-2025,3929000,4310041.92,In Progress,16,3.07,Yes,Yes
PJT1201,Aurangabad,21-12-2024,13-02-2025,1361000,1647923.3,Completed,9,4.65,No,Yes
PJT1202,Pune,04-12-2024,02-04-2025,2180000,2287644.61,Completed,12,1.47,Yes,No
PJT1203,Pune,04-12-2024,21-02-2025,3990000,5202700.97,Completed,8,4.1,Yes,No
PJT1204,Aurangabad,07-01-2025,10-04-2025,1703000,1861753.16,Completed,9,3.82,No,No
PJT1205,Aurangabad,31-12-2024,22-03-2025,1529000,1299042.03,Completed,13,1.86,No,No
PJT1206,Pune,02-01-2025,04-03-2025,3158000,2584874.87,Completed,11,3.45,Yes,Yes
PJT1207,Nashik,28-01-2025,17-03-2025,4886000,6139913.58,Completed,10,3.78,No,No
PJT1208,Pune,24-01-2025,17-05-2025,3123000,3045718.07,In Progress,9,4.99,Yes,No
PJT1209,Mumbai,03-01-2025,01-05-2025,4654000,4490699.29,In Progress,7,1.8,Yes,No
PJT1210,Mumbai,11-12-2024,10-01-2025,4322000,4851726.67,Completed,10,1.54,No,Yes
PJT1211,Nashik,04-12-2024,16-01-2025,2028000,1827076.68,Completed,20,1.3,Yes,Yes
PJT1212,Nagpur,02-01-2025,27-03-2025,4299000,4618814.79,Completed,19,1.69,No,No
PJT1213,Pune,06-12-2024,02-02-2025,2927000,3645610.55,Completed,19,3.85,No,Yes
PJT1214,Mumbai,24-01-2025,17-03-2025,4226000,5322865.62,Completed,15,4.99,No,Yes
PJT1215,Pune,12-12-2024,10-04-2025,3986000,4503525.14,Completed,15,4.24,No,Yes
PJT1216,Nashik,05-12-2024,11-03-2025,2355000,2043967.14,Completed,9,4.87,Yes,No
PJT1217,Aurangabad,08-01-2025,07-04-2025,1461000,1268913.55,Completed,19,4.95,No,No
PJT1218,Nashik,05-12-2024,10-01-2025,4852000,6138109.05,Completed,7,3.67,No,No
PJT1219,Nashik,13-01-2025,24-04-2025,1563000,2022474.62,Completed,20,3.84,Yes,No
PJT1220,Nashik,25-01-2025,27-03-2025,4866000,4963889.63,Completed,19,3.2,Yes,Yes
PJT1221,Mumbai,16-12-2024,30-01-2025,4441000,5744729.08,Completed,14,2.16,No,Yes
PJT1222,Nashik,26-12-2024,24-03-2025,3897000,3214893.72,Completed,13,2.2,Yes,Yes
PJT1223,Aurangabad,08-12-2024,24-01-2025,4920000,6058429.67,Completed,6,1.63,No,Yes
PJT1224,Aurangabad,30-01-2025,29-04-2025,4869000,5491316.46,Completed,16,3.84,No,No
PJT1225,Aurangabad,26-01-2025,21-05-2025,4218000,5879324.41,Delayed,7,3.8,Yes,No
PJT1226,Nagpur,06-01-2025,13-04-2025,2463000,2121751.01,Completed,14,1.7,Yes,No
PJT1227,Nashik,16-12-2024,27-03-2025,4163000,5403750.64,Completed,19,2.45,No,Yes
PJT1228,Aurangabad,07-01-2025,23-04-2025,1056000,1320852.51,Completed,19,1.9,No,Yes
PJT1229,Nagpur,08-01-2025,19-03-2025,3146000,3078755.39,Completed,6,4.94,Yes,Yes
PJT1230,Nashik,03-12-2024,27-02-2025,2819000,3945437.45,Completed,6,4.17,Yes,Yes
PJT1231,Nashik,09-01-2025,27-04-2025,3691000,3948777.25,Completed,16,1.95,No,No
PJT1232,Pune,06-12-2024,10-03-2025,3689000,3722740.28,Completed,14,2.98,No,No
PJT1233,Nashik,27-12-2024,21-03-2025,3338000,4306144.01,Completed,7,2.44,No,Yes
PJT1234,Pune,12-01-2025,22-04-2025,4290000,4562165.93,Completed,7,3.29,Yes,Yes
PJT1235,Mumbai,07-01-2025,04-04-2025,4761000,6648139.52,Completed,17,2.87,No,No
PJT1236,Mumbai,06-01-2025,25-02-2025,1433000,1813288.09,Completed,19,4.93,Yes,Yes
PJT1237,Nagpur,03-01-2025,03-04-2025,1935000,1823094.37,Completed,6,1.52,Yes,Yes
PJT1238,Pune,21-12-2024,18-03-2025,1100000,1415063.79,Completed,19,4.54,Yes,No
PJT1239,Mumbai,29-01-2025,02-04-2025,4537000,5230046.43,Completed,11,1.26,No,Yes
PJT1240,Mumbai,17-12-2024,16-02-2025,3246000,3279688.63,Completed,15,2.59,No,Yes
PJT1241,Mumbai,14-12-2024,04-04-2025,4661000,5716494.52,Completed,20,3.87,Yes,Yes
PJT1242,Nashik,12-01-2025,18-03-2025,1885000,2223663.58,Completed,9,2.91,Yes,No
PJT1243,Pune,15-01-2025,21-04-2025,1253000,1127184.98,Completed,6,2.64,No,Yes
PJT1244,Mumbai,21-12-2024,23-03-2025,4295000,3794808.51,Completed,19,2.64,No,No
PJT1245,Pune,16-12-2024,05-04-2025,4638000,4285381.18,Completed,8,3.3,Yes,Yes
PJT1246,Aurangabad,17-12-2024,15-02-2025,2209000,2041481.88,Completed,15,1.5,No,Yes
PJT1247,Aurangabad,26-12-2024,01-03-2025,2633000,2200173.51,Completed,7,2.27,No,No
PJT1248,Nashik,09-12-2024,05-03-2025,1559000,1575352.8,Completed,10,1.3,No,No
PJT1249,Aurangabad,12-01-2025,20-02-2025,4785000,4634995.09,Completed,6,2.86,No,No
PJT1250,Nagpur,11-01-2025,18-03-2025,2217000,2490269.92,Completed,12,3.07,Yes,Yes
PJT1251,Pune,20-12-2024,18-02-2025,2970000,2952750.74,Completed,19,1.51,No,Yes
PJT1252,Mumbai,30-12-2024,04-03-2025,1389000,1697958.41,Completed,19,4.32,No,No
PJT1253,Nagpur,21-12-2024,03-03-2025,4549000,4428906.15,Completed,10,3.21,Yes,Yes
PJT1254,Nagpur,29-01-2025,09-04-2025,1543000,1481906.21,Completed,16,3.35,Yes,Yes
PJT1255,Aurangabad,18-01-2025,27-04-2025,2815000,3701190.45,Completed,16,4.07,Yes,No
PJT1256,Pune,29-01-2025,10-03-2025,3682000,5122740.76,Completed,14,1.52,No,Yes
PJT1257,Mumbai,05-12-2024,21-01-2025,3973000,4797713.71,Completed,17,3.01,No,Yes
PJT1258,Nagpur,01-12-2024,19-01-2025,4784000,4100534.31,Completed,18,4.47,Yes,No
PJT1259,Nashik,30-12-2024,27-02-2025,2677000,3688004.38,Completed,15,4.33,No,No
PJT1260,Mumbai,09-01-2025,29-03-2025,3969000,5046244.66,Completed,6,3.07,No,No
PJT1261,Aurangabad,06-01-2025,04-05-2025,1618000,2186340.67,Delayed,15,2.22,Yes,Yes
PJT1262,Pune,07-12-2024,25-01-2025,2660000,3712008.02,Completed,7,1.65,No,No
PJT1263,Nashik,05-12-2024,04-04-2025,1396000,1843039.06,Completed,15,4.74,No,No
PJT1264,Mumbai,04-01-2025,02-03-2025,2957000,2590724.99,Completed,8,1.9,Yes,No
PJT1265,Mumbai,14-12-2024,21-01-2025,2632000,3473311.63,Completed,17,4.79,Yes,Yes
PJT1266,Nagpur,02-01-2025,26-03-2025,4806000,4564769.29,Completed,14,3.08,Yes,No
PJT1267,Mumbai,17-12-2024,09-03-2025,1131000,1387552.54,Completed,13,2.14,No,No
PJT1268,Pune,09-12-2024,19-02-2025,2482000,3219375.1,Completed,9,1.32,Yes,No
PJT1269,Pune,29-01-2025,08-05-2025,2774000,3486596.64,Delayed,15,1.79,No,Yes
PJT1270,Mumbai,23-12-2024,22-03-2025,4802000,5789967,Completed,7,4.83,No,No
PJT1271,Nagpur,26-01-2025,19-04-2025,4422000,4836231.89,Completed,9,2.1,No,Yes
PJT1272,Nashik,05-12-2024,11-01-2025,1397000,1601598.08,Completed,16,3.5,No,No
PJT1273,Nashik,26-01-2025,23-03-2025,3743000,3597884.98,Completed,14,3.46,Yes,Yes
PJT1274,Nagpur,16-12-2024,09-03-2025,3178000,3332244.4,Completed,17,1.37,Yes,Yes
PJT1275,Aurangabad,24-12-2024,13-03-2025,4911000,5260638.81,Completed,9,3.56,Yes,Yes
PJT1276,Pune,19-12-2024,02-04-2025,2435000,2873730.16,Completed,7,3.37,No,No
PJT1277,Aurangabad,11-12-2024,09-04-2025,2593000,3443698.6,Completed,14,3.32,No,Yes
PJT1278,Nagpur,29-12-2024,30-01-2025,1759000,1505452.24,Completed,17,1.68,Yes,No
PJT1279,Aurangabad,23-01-2025,06-05-2025,1489000,1651849.08,In Progress,15,3.5,Yes,Yes
PJT1280,Nagpur,04-01-2025,23-03-2025,4392000,4246780.33,Completed,9,4.61,Yes,No
PJT1281,Nashik,15-01-2025,16-04-2025,2819000,3838918.9,Completed,7,2.35,Yes,No
PJT1282,Nashik,20-12-2024,19-01-2025,3651000,3729287.31,Completed,18,4.7,Yes,No
PJT1283,Aurangabad,09-01-2025,25-03-2025,3567000,4887333.78,Completed,16,1.16,Yes,Yes
PJT1284,Aurangabad,21-01-2025,30-03-2025,3389000,3376710.02,Completed,5,4.46,No,Yes
PJT1285,Pune,11-01-2025,31-03-2025,1085000,869609.98,Completed,16,1.32,No,Yes
PJT1286,Nashik,03-01-2025,27-03-2025,4147000,5243803.43,Completed,14,4.79,Yes,No
PJT1287,Pune,01-12-2024,09-03-2025,1974000,2447038.34,Completed,10,4.08,Yes,No
PJT1288,Aurangabad,12-01-2025,21-04-2025,1504000,1862792.98,Completed,11,2.06,No,No
PJT1289,Nagpur,22-01-2025,09-05-2025,3258000,3502576.61,In Progress,15,1.84,Yes,No
PJT1290,Nashik,05-01-2025,04-03-2025,1274000,1526871.54,Completed,20,3.29,No,Yes
PJT1291,Nagpur,20-12-2024,22-03-2025,4061000,4121645.5,Completed,11,3.47,Yes,Yes
PJT1292,Pune,29-01-2025,28-03-2025,1829000,1532699.09,Completed,12,1.12,No,Yes
PJT1293,Pune,12-01-2025,17-03-2025,1864000,2088900.32,Completed,9,4.56,Yes,Yes
PJT1294,Mumbai,07-12-2024,02-03-2025,4479000,4168596.17,Completed,9,3.18,No,No
PJT1295,Nashik,30-01-2025,02-05-2025,2314000,2447716.48,In Progress,7,3.57,No,No
PJT1296,Nashik,26-01-2025,28-02-2025,1590000,1474106.3,Completed,14,2.21,Yes,No
PJT1297,Pune,09-12-2024,26-02-2025,4602000,4423083.92,Completed,8,1.98,No,Yes
PJT1298,Nagpur,17-12-2024,28-02-2025,1011000,1311273.24,Completed,6,4.23,No,Yes
PJT1299,Nashik,08-12-2024,02-04-2025,4434000,4445763.81,Completed,15,2.62,Yes,Yes
